formula,c,mn,si,cr,ni,mo,v,n,nb,co,w,al,ti,yield strength,tensile strength,elongation
e0.860C0.0125Mn0.00274Si0.000198Cr0.00439Ni0.0786Mo0.00284V0.000765Nb0.0000600Co0.0369Al0.000619,0.27,0.27,0.01,0.41,8.28,0.49,0.07,0,0.01,3.9,0,0.03,0,1139.7,1236.3,15.4